image1,image2,image3
https://s3.sachgiamgia.vn/sach-giam-gia/one_piece_1_1696325674554.jpg,https://s3.sachgiamgia.vn/sach-giam-gia/one_piece_1_1696325674554.jpg,https://s3.sachgiamgia.vn/sach-giam-gia/one_piece_1_1696325674554.jpg
https://s3.sachgiamgia.vn/sach-giam-gia/one_piece_1_1696325674554.jpg,https://s3.sachgiamgia.vn/sach-giam-gia/one_piece_1_1696325674554.jpg,https://s3.sachgiamgia.vn/sach-giam-gia/one_piece_1_1696325674554.jpg
https://s3.sachgiamgia.vn/sach-giam-gia/one_piece_1_1696325674554.jpg,https://s3.sachgiamgia.vn/sach-giam-gia/one_piece_1_1696325674554.jpg,https://s3.sachgiamgia.vn/sach-giam-gia/one_piece_1_1696325674554.jpg
https://s3.sachgiamgia.vn/sach-giam-gia/one_piece_1_1696325674554.jpg,https://s3.sachgiamgia.vn/sach-giam-gia/one_piece_1_1696325674554.jpg,https://s3.sachgiamgia.vn/sach-giam-gia/one_piece_1_1696325674554.jpg
https://s3.sachgiamgia.vn/sach-giam-gia/one_piece_1_1696325674554.jpg,https://s3.sachgiamgia.vn/sach-giam-gia/one_piece_1_1696325674554.jpg,https://s3.sachgiamgia.vn/sach-giam-gia/one_piece_1_1696325674554.jpg