name,author,publisher,category,distributor,price,finalPrice,saleOff,description,statistics,subId,images
Truyện tranh 0006,28f9315e-b370-4895-a4c6-494470ebb756,cf4739dd-85da-4d5e-8689-c5322a11c51e,1f452d86-3154-4a9b-b3f8-789e3cc71fbe,2e1b709c-9f40-4983-8aa8-1614f64d0803,20000,18000,2,,,TT,
Truyện tranh 0007,28f9315e-b370-4895-a4c6-494470ebb756,cf4739dd-85da-4d5e-8689-c5322a11c51e,1f452d86-3154-4a9b-b3f8-789e3cc71fbe,2e1b709c-9f40-4983-8aa8-1614f64d0803,15000,15000,0,,,TT,
Truyện tranh 0008,28f9315e-b370-4895-a4c6-494470ebb756,cf4739dd-85da-4d5e-8689-c5322a11c51e,1f452d86-3154-4a9b-b3f8-789e3cc71fbe,2e1b709c-9f40-4983-8aa8-1614f64d0803,30000,26000,5,,,TT,
Truyện tranh 0009,4d6370f4-df71-456e-970b-e8464a875c1c,6c476aea-a3b7-465a-9c4d-a14ab3ef3dc8,a836cd7e-265c-4c06-8ec4-2d148b99dfd1,e336acfb-00e2-4884-9d15-f67313cc8cea,50000,40000,8,,,TT,
Truyện tranh 0010,4d6370f4-df71-456e-970b-e8464a875c1c,6c476aea-a3b7-465a-9c4d-a14ab3ef3dc8,a836cd7e-265c-4c06-8ec4-2d148b99dfd1,e336acfb-00e2-4884-9d15-f67313cc8cea,100000,9000,7,,,TT,